,p-val,corr p-val,aa,pos,compare aa,compare pos,compare size,total size
490,1.6956622191957307e-11,4.87757237351652e-07,E,1,8,K,62,298
540,1.2643926129484685e-07,0.00363702535114627,E,1,9,R,61,299
541,3.866513330493401e-09,0.00011122025595164267,E,1,10,R,59,301
646,7.174266997278936e-14,2.063677901767286e-09,F,1,8,K,47,222
781,5.02290087873738e-13,1.4448374377688075e-08,G,1,2,H,8,137
1107,7.060957701321681e-08,0.0020310844827851815,I,1,8,K,37,243
1157,2.040511578288702e-11,5.869531554947451e-07,I,1,10,R,72,208
1257,3.1548045378415903e-08,0.0009074795253101335,K,1,8,H,19,629
1275,4.391225567067606e-07,0.012631360343669969,K,1,8,K,29,619
1327,7.446824337901323e-08,0.0021420790207973156,K,1,8,R,48,600
1428,9.190603427383061e-10,2.6436770758867377e-05,L,1,8,H,22,548
1441,5.4136343191649706e-15,1.557231911907804e-10,L,1,8,K,47,523
1493,9.096363930288224e-23,2.6165690845474075e-18,L,1,10,R,137,433
2311,1.3094504721864268e-08,0.0003766634283244257,S,1,2,H,16,207
2482,1.083803481004416e-06,0.031175607131092024,T,1,8,K,31,218
2531,2.3660019661401078e-07,0.00680580465560202,T,1,10,R,59,190
2639,6.836482908756643e-08,0.0019665143087038484,V,1,8,K,23,271
2690,4.564809783175716e-09,0.00013130675341304946,V,1,10,R,53,241
3028,2.395257295947153e-11,6.889957611791986e-07,A,2,1,K,43,242
3326,5.671561419995512e-08,0.001631424642461709,D,2,1,K,46,203
3382,2.8860329180002982e-08,0.0008301673688627857,D,2,10,R,47,202
3493,4.2096032395578085e-07,0.012108923718588037,E,2,1,K,74,342
3545,1.042217515785135e-07,0.002997938684155941,E,2,1,R,16,400
3552,8.92981746652065e-10,2.568661994244665e-05,E,2,9,R,68,348
3553,8.23724665212815e-11,2.3694439994846623e-06,E,2,10,R,55,361
3664,8.536139136814849e-08,0.0024554204227047916,F,2,1,K,30,240
3719,4.8324632528292934e-11,1.3900580546763462e-06,F,2,10,R,49,221
3833,1.6244155847956185e-06,0.04672631429664597,G,2,3,L,30,213
3971,1.202042605034615e-09,3.45767555338207e-05,H,2,1,H,5,179
4142,4.327200537507622e-07,0.012447192346140674,I,2,1,K,42,278
4147,9.320340352750513e-07,0.02680995902468685,I,2,8,K,39,281
4190,1.6746324856536924e-06,0.048170803449828464,I,2,1,R,8,312
4198,8.319541582443015e-11,2.3931161361897334e-06,I,2,10,R,60,260
4420,3.9147723168947734e-20,1.1260842569547815e-15,L,2,1,K,83,584
4424,1.3598889545983648e-10,3.9117205779021966e-06,L,2,8,K,80,587
4469,3.948577308034177e-11,1.1358082626560311e-06,L,2,1,R,23,644
4476,1.3336594192045891e-08,0.00038362713193420005,L,2,9,R,117,550
4477,9.928811976575383e-20,2.8560227650619087e-15,L,2,10,R,108,559
4886,1.3721168636849226e-07,0.00394689415838968,P,2,1,K,25,231
5027,2.2332713840955088e-07,0.006424005136350731,Q,2,1,H,17,241
5097,7.51274316583892e-07,0.021610405716535653,Q,2,9,R,54,204
5098,8.434211128891908e-07,0.024261008312257575,Q,2,10,R,43,215
5195,1.9072271868996532e-08,0.0005486139003116852,R,2,1,K,21,60
5331,1.217628958597663e-06,0.035025096994061776,S,2,7,H,26,242
5510,1.7326537984850117e-11,4.983978651342136e-07,T,2,1,K,33,183
5674,2.206204892811585e-15,6.346148374172523e-11,V,2,1,K,49,287
5732,2.751525416932498e-07,0.00791476286180633,V,2,10,R,79,257
6127,1.4093972686483798e-07,0.004054131243267064,A,3,1,K,51,300
6137,1.1562436035295806e-10,3.3259347255528388e-06,A,3,4,L,52,299
6178,4.985405008060034e-07,0.014340517505684689,A,3,4,R,6,345
6419,1.6785206776455802e-16,4.828264729247511e-12,D,3,1,K,50,288
6474,2.306672097107179e-10,6.6351422873288e-06,D,3,10,R,59,279
6590,1.568136328081621e-31,4.510744147726783e-27,E,3,1,K,115,442
6596,1.484017949775441e-06,0.04268777632529056,E,3,8,K,54,503
6643,2.7034972198357724e-10,7.776609752857599e-06,E,3,1,R,30,527
6650,8.811388228564737e-09,0.00025345958239466465,E,3,9,R,95,462
6651,8.036719218097312e-26,2.311762283085692e-21,E,3,10,R,105,452
6759,3.665377594960718e-08,0.0010543458651904505,F,3,1,K,27,201
6816,3.098881214555653e-07,0.008913931813669335,F,3,10,R,38,190
7249,3.4485625456122926e-13,9.919790162453759e-09,I,3,1,K,41,255
7296,1.561418302948703e-07,0.004491419748431944,I,3,1,R,10,286
7304,9.220477870008616e-09,0.00026522704593079783,I,3,10,R,50,246
7450,1.0818603733550226e-07,0.0031119713639557226,L,3,1,H,25,554
7468,4.1346712833487014e-32,1.189338194655254e-27,L,3,1,K,85,494
7474,5.173401674279942e-07,0.014881289916066255,L,3,8,K,61,518
7520,9.987030486453731e-09,0.0002872769319428416,L,3,1,R,16,563
7527,4.945450404623911e-10,1.422558808890068e-05,L,3,9,R,114,465
7528,1.3276632999942107e-15,3.819023482433347e-11,L,3,10,R,83,496
7762,3.770805670152764e-07,0.010846722510194425,N,3,1,K,15,189
7816,1.5953235797563764e-06,0.045889482771692164,N,3,10,R,40,164
7906,1.3795989852512013e-06,0.03968416481075081,P,3,1,H,13,145
7923,3.673306445737076e-11,1.0566265991162699e-06,P,3,1,K,30,128
8084,1.2785587906722838e-12,3.677774361368824e-08,Q,3,1,K,46,260
8134,1.0621911324871388e-06,0.030553927925992548,Q,3,1,R,6,300
8141,1.4542142922920763e-10,4.183047411778157e-06,Q,3,10,R,71,235
8248,1.3507044321732517e-07,0.0038853012991463586,R,3,1,K,27,32
8725,2.559742438339867e-13,7.363099123884627e-09,V,3,1,K,45,316
8775,9.881671383819068e-07,0.028424627735555548,V,3,1,R,10,351
8782,3.920729083312464e-08,0.0011277977208148304,V,3,10,R,69,292
8988,5.617189658523494e-12,1.615784605274283e-07,Y,3,1,K,28,131
9043,4.315133407572115e-07,0.012412481246881189,Y,3,9,R,43,116
9137,7.042520440656371e-09,0.00020257810047548053,A,4,3,H,18,277
9377,1.7946288316319994e-09,5.1622498341894465e-05,D,4,3,A,31,329
9506,6.79356291916434e-10,1.9541683736976225e-05,D,4,10,R,57,303
9548,1.3129270231603963e-06,0.0377663458212088,E,4,1,A,29,586
9592,1.8252649722031218e-08,0.000525037469254228,E,4,1,G,22,593
9603,1.1509464119782711e-06,0.03310697354055497,E,4,3,H,18,597
9619,1.9240273033315667e-12,5.534464538033252e-08,E,4,1,K,107,508
9624,4.723800483079498e-07,0.013588012089578176,E,4,8,K,76,539
9670,8.979134286737245e-12,2.5828479775799686e-07,E,4,1,R,42,573
9677,8.376919281132479e-07,0.024096208312177576,E,4,9,R,91,524
9678,6.563422608461137e-10,1.887968513323846e-05,E,4,10,R,86,529
9793,1.4369666532845645e-06,0.0413343457817305,F,4,1,K,34,212
9796,1.3512984632311584e-09,3.8870100294844274e-05,F,4,8,K,25,221
9847,6.927149930578995e-12,1.9925946775310477e-07,F,4,10,R,42,204
10258,6.988095123935163e-08,0.0020101255623999497,I,4,5,H,13,337
10272,2.1545353599847472e-16,6.197520962996125e-12,I,4,1,K,53,297
10322,1.0684212765799405e-06,0.030733138020821987,I,4,1,R,10,340
10330,2.510510609964308e-09,7.221483769562331e-05,I,4,10,R,56,294
10458,8.900669349214803e-07,0.02560277538301638,L,4,1,H,24,550
10459,1.5160684227978434e-06,0.04360970818177996,L,4,2,H,22,552
10461,1.238082415094455e-06,0.035613440670192,L,4,5,H,20,554
10463,1.097722042896751e-07,0.0031575974563925044,L,4,7,H,25,549
10475,1.80939269488721e-15,5.20471808684306e-11,L,4,1,K,74,500
10479,3.313784785871345e-08,0.0009532101936558923,L,4,8,K,51,523
10508,2.2009352675468313e-07,0.00633099029709846,L,4,1,P,25,549
10526,7.673579016370326e-10,2.2073050040589243e-05,L,4,1,R,16,558
10534,4.141300976481553e-18,1.1912452258849186e-13,L,4,10,R,112,462
10813,1.7265828518110822e-06,0.04966515573234578,N,4,10,R,30,154
10908,2.4006714126609e-07,0.0069055313185190795,P,4,3,H,14,201
10923,1.4981976066040412e-09,4.309565415396524e-05,P,4,1,K,35,180
10977,8.581939454198495e-07,0.02468594884000197,P,4,10,R,48,167
11072,5.329253919596404e-07,0.015329598899719056,Q,4,5,H,13,258
11131,1.3104069599437313e-07,0.003769385620278143,Q,4,1,R,5,266
11139,1.7452307969893236e-12,5.0201563875397895e-08,Q,4,10,R,58,213
11347,8.274205569534132e-07,0.02380075232076493,S,4,3,H,11,249
12010,6.469517057184181e-08,0.0018609565814990297,Y,4,10,R,33,98
12055,8.534188179305488e-07,0.02454859229777224,A,5,4,A,26,288
12103,1.2139728081767222e-06,0.03491992782720341,A,5,1,H,14,300
12597,1.4601115367564723e-07,0.004200010835479993,E,5,7,K,5,560
12598,1.5154336063784925e-07,0.0043591447687477336,E,5,8,K,70,495
12599,4.2427525788145935e-09,0.00012204277792960178,E,5,9,K,83,482
12644,1.200152175964682e-07,0.0034522377341624083,E,5,1,R,24,541
12652,1.1191944373733801e-10,3.219362799104528e-06,E,5,10,R,92,473
12813,2.826936173010207e-07,0.00813168190166386,F,5,10,R,44,172
12905,3.6573274539631495e-07,0.010520302421325,G,5,1,H,12,220
13069,3.343226027908127e-07,0.009616789669277726,H,5,6,H,5,149
13225,4.091789676416456e-11,1.1770033004211935e-06,I,5,1,H,22,293
13228,7.199214061869907e-09,0.00020708539248968789,I,5,4,H,14,301
13229,6.11290424902146e-07,0.01758376907231023,I,5,6,H,10,305
13230,5.970113067753122e-07,0.017173030239391856,I,5,7,H,15,300
13300,6.992216454879853e-08,0.0020113110632461895,I,5,10,R,54,261
13465,8.258573632595496e-15,2.3755787054160946e-10,L,5,1,H,36,614
13466,3.974032084819884e-07,0.011431303291984397,L,5,2,H,21,629
13468,6.815187371603819e-08,0.001960388647441839,L,5,4,H,24,626
13469,6.957307108889344e-13,2.0012693898720198e-08,L,5,6,H,31,619
13470,9.345604448303156e-08,0.002688263119554403,L,5,7,H,36,614
13483,1.465159191910864e-07,0.004214530415531601,L,5,1,K,78,572
13535,2.2437937267540802e-10,6.454272655008112e-06,L,5,1,R,21,629
13543,1.811158383388443e-08,0.0005209797089816856,L,5,10,R,123,527
13929,6.184078062072394e-07,0.017788500545551242,P,5,4,H,13,187
13990,1.721688691709208e-06,0.049524375217015366,P,5,4,R,6,194
14088,1.0754084949065156e-06,0.03093412535598592,Q,5,4,H,10,246
14090,1.5707607407389288e-06,0.04518293270735529,Q,5,7,H,12,244
14157,1.4215379760271316e-08,0.00040890539880420444,Q,5,10,R,47,209
14373,5.367503228879974e-09,0.00015439623037873245,S,5,4,H,14,231
14539,1.4649522612283255e-07,0.004213935179423279,T,5,4,H,6,211
14709,8.290678610367118e-08,0.0023848137022721015,V,5,4,H,11,332
14775,4.0761922109118746e-07,0.011725166894688008,V,5,1,R,7,336
15161,9.977338211745891e-07,0.028699813366087058,A,6,7,H,13,313
15177,7.756495588760368e-10,2.23115595610692e-05,A,6,8,K,31,295
15649,2.8704429252357416e-07,0.00825682907444061,E,6,5,H,17,523
15669,1.538438001940361e-11,4.4253169125814486e-07,E,6,8,K,63,477
15670,4.651760822516944e-09,0.0001338079000596999,E,6,9,K,109,431
15716,2.635310751663322e-08,0.0007580471377159546,E,6,1,R,24,516
15724,3.11441516617786e-07,0.008958615225510615,E,6,10,R,82,458
15838,2.0657213018545395e-09,5.942047324784583e-05,F,6,8,K,26,206
15887,6.999340697696469e-11,2.0133603516923892e-06,F,6,10,R,34,198
16004,8.846123059530163e-08,0.0025445872980738513,G,6,8,K,26,192
16212,7.716284389560276e-08,0.0022195892046570132,H,6,10,R,38,138
16298,7.711056788201739e-07,0.022180854851262304,I,6,1,H,16,312
16302,5.377308131885286e-10,1.5467826841368027e-05,I,6,5,H,8,320
16303,6.352853716428991e-07,0.018273983715307994,I,6,7,H,10,318
16315,9.567550555585274e-09,0.0002752105917314104,I,6,1,K,64,264
16372,5.6119102044317876e-08,0.0016142659703048037,I,6,10,R,56,272
16469,3.085291386696993e-07,0.0088748406738339,L,6,7,A,42,564
16513,2.411459550540388e-07,0.006936563397129426,L,6,7,G,39,567
16517,3.4435995842269977e-13,9.905514204028959e-09,L,6,1,H,39,567
16521,7.657841363915216e-12,2.2027780683302116e-07,L,6,5,H,24,582
16522,3.963584581612329e-14,1.1401251049007864e-09,L,6,7,H,24,582
16523,1.5007242334788949e-06,0.04316833257602041,L,6,8,H,17,589
16539,1.1568133501250927e-10,3.327573601634829e-06,L,6,8,K,76,530
16585,9.973446574582502e-07,0.02868861907178657,L,6,2,R,15,591
16589,6.564838639085084e-09,0.00018883758345328245,L,6,7,R,14,592
16592,3.736643381720815e-13,1.0748454687519925e-08,L,6,10,R,107,499
16819,6.362574348176463e-10,1.8301945112529596e-05,N,6,5,H,7,186
16879,4.0608823881157945e-07,0.011681128189415083,N,6,1,R,8,185
16979,1.0992680707094957e-07,0.0031620446053958647,P,6,5,H,15,222
17147,6.133300464632791e-07,0.017642438786516224,Q,6,5,H,9,220
17148,1.5736299813186516e-07,0.004526546641263101,Q,6,7,H,13,216
17165,1.2905695259759908e-07,0.003712323241469938,Q,6,8,K,29,200
17218,3.300579669478423e-08,0.0009494117419254683,Q,6,10,R,51,178
17422,1.2856890056185932e-08,0.00036982844246618836,S,6,1,H,14,258
17426,5.058154976361281e-07,0.014549782789503224,S,6,5,H,11,261
17427,9.658687583470752e-08,0.002778321483385362,S,6,7,H,13,259
17583,6.577636876407826e-07,0.018920572474987112,T,6,1,H,18,228
17587,4.839486493457194e-07,0.013920782898429617,T,6,5,H,15,231
17751,4.045607170261826e-07,0.011637189025258142,V,6,1,H,16,305
17755,2.345997967177439e-07,0.006748263152585903,V,6,5,H,6,315
17756,3.4949231206212654e-08,0.001005314635646707,V,6,7,H,12,309
17817,1.8649873566054496e-07,0.005364636131275575,V,6,1,R,13,308
18028,1.0892034983020042e-07,0.003133093862865715,Y,6,5,H,7,137
18173,3.757024729805086e-08,0.0010807081635284329,A,7,1,H,19,280
18490,2.94311403004955e-08,0.0008465867507437531,D,7,8,K,44,298
18538,7.22129364410538e-07,0.020772051167269125,D,7,2,R,10,332
18642,1.1106691015028177e-06,0.03194839670472855,E,7,1,H,24,535
18664,1.0071457695246578e-18,2.897054806037678e-14,E,7,9,K,93,466
18708,6.511774793734396e-11,1.873112019417699e-06,E,7,1,R,26,533
18709,2.242198127165706e-08,0.0006449682912792154,E,7,2,R,13,546
18874,8.813002270091258e-10,2.5350601029917502e-05,F,7,1,R,8,225
18880,4.771019232042069e-10,1.3723836820969012e-05,F,7,8,R,41,192
19196,5.603921261751364e-07,0.0161196795094278,H,7,8,R,29,157
19198,1.8111111737324889e-13,5.209661291241504e-09,H,7,10,R,29,157
19367,6.327032871443491e-11,1.8199710054707202e-06,I,7,8,R,37,258
19485,7.588818567295854e-07,0.021829236608826522,L,7,8,A,34,527
19529,2.425991159160552e-09,6.978363569325328e-05,L,7,8,G,25,536
19532,7.902397069031853e-10,2.2731245169070124e-05,L,7,1,H,25,536
19537,1.7624672185649725e-08,0.0005069736954202143,L,7,6,H,27,534
19538,2.257327963886368e-12,6.493203888119138e-08,L,7,8,H,20,541
19555,3.6898233362302185e-07,0.010613776826666223,L,7,8,K,51,510
19589,7.651727994433742e-07,0.02201019557598866,L,7,8,P,16,545
19601,1.0837795171074445e-08,0.00031174917809595644,L,7,1,R,16,545
19607,3.0590853321330666e-14,8.799458957880766e-10,L,7,8,R,79,482
19609,1.785329849119389e-08,0.0005135501310991923,L,7,10,R,83,478
20004,4.0140678113029524e-08,0.0011546466059212943,P,7,1,K,31,182
20158,2.1082129294809352e-11,6.06427449165191e-07,Q,7,6,H,16,276
20220,7.05149219054266e-07,0.02028361728609596,Q,7,1,R,10,282
20445,5.3094625555509085e-08,0.0015272669041042188,S,7,1,H,17,234
20611,1.2326424554406386e-06,0.03545696023074997,T,7,1,H,13,251
20785,3.148118993137149e-11,9.05556428375901e-07,V,7,6,H,19,279
20849,7.96902545700355e-12,2.292290172707071e-07,V,7,8,R,50,248
21207,1.3674974974448923e-07,0.003933606551400233,A,8,1,H,15,248
21522,3.319559987501893e-13,9.548714304049196e-09,D,8,9,K,55,167
21523,1.5273936312168286e-11,4.393547780195207e-07,D,8,10,K,66,156
21683,1.2374220650789563e-12,3.559444570199618e-08,E,8,1,K,91,298
21691,2.885419668451342e-10,8.299909676300285e-06,E,8,10,K,93,296
21736,1.071192196166541e-09,3.0812843522730556e-05,E,8,1,R,25,364
21744,8.952718186155526e-09,0.0002575249386247637,E,8,10,R,82,307
22227,1.1651610213759774e-12,3.351585677987999e-08,H,8,10,R,32,90
22316,7.498448817186925e-07,0.02156928802263819,I,8,1,H,11,221
22337,3.504105765265341e-12,1.0079560233785752e-07,I,8,9,K,48,184
22388,1.1587504080977025e-11,3.333145548893041e-07,I,8,10,R,55,177
22477,1.570656061191034e-11,4.517992160016009e-07,K,8,1,H,29,450
22478,6.759065792830052e-07,0.019442452753075646,K,8,2,H,24,455
22483,2.9348148731385175e-07,0.008441994982582945,K,8,7,H,15,464
22492,3.3832106948910053e-14,9.731805563853977e-10,K,8,1,K,29,450
22534,2.8940654033209544e-08,0.0008324779132652725,K,8,1,R,17,462
22535,1.8707263143861172e-08,0.0005381144243331666,K,8,2,R,12,467
22540,6.716079816703206e-08,0.0019318803592746773,K,8,7,R,15,464
22631,4.957460708459902e-12,1.426013572788491e-07,L,8,1,H,36,441
22653,2.08502686688986e-14,5.997579782608683e-10,L,8,9,K,93,384
22654,7.198522704422998e-09,0.00020706550559272755,L,8,10,K,110,367
22699,1.002850074663432e-06,0.028846982397693618,L,8,1,R,13,464
22700,1.0238500379173324e-06,0.029451046340692066,L,8,2,R,13,464
22706,2.081502587919661e-09,5.987442194150905e-05,L,8,9,R,117,360
22707,6.895039647392719e-13,1.9833581545725156e-08,L,8,10,R,102,375
22929,3.577382100628581e-09,0.00010290339612458114,N,8,9,K,31,124
23141,4.5545036326769323e-07,0.013101029699395196,P,8,10,R,40,128
23238,5.886384107576008e-11,1.6932183885442387e-06,Q,8,7,H,17,215
23347,7.079428934091137e-08,0.0020363977328913155,R,8,1,A,29,569
23398,4.3176454959024774e-13,1.2419707268963476e-08,R,8,1,H,26,572
23399,2.441994445736418e-07,0.0070243970231608065,R,8,2,H,28,570
23404,9.310336207684294e-09,0.0002678118210140387,R,8,7,H,29,569
23415,8.46393908425144e-20,2.434652077584927e-15,R,8,1,K,48,550
23420,1.8707066945039285e-09,5.38108780674055e-05,R,8,9,K,23,575
23464,2.7332889867108328e-08,0.000786230577027371,R,8,1,R,14,584
23884,4.407105992161377e-09,0.000126770403864522,V,8,1,H,8,232
23890,2.590441059784404e-07,0.007451403708469838,V,8,7,H,13,227
23951,4.914644326674252e-09,0.00014136974405678485,V,8,1,R,8,232
24652,1.1446776886976753e-10,3.292665371538863e-06,D,9,10,R,36,78
24760,9.499727379314287e-11,2.7325965806597546e-06,E,9,1,K,55,171
24818,6.834526555402587e-15,1.9659515636615542e-10,E,9,10,R,79,147
24980,1.4545162083851395e-06,0.04183915873419854,F,9,10,R,46,74
25504,6.969906831115575e-07,0.02004893699970395,K,9,6,E,109,583
25525,7.746883381570287e-18,2.228391004708693e-13,K,9,1,H,51,641
25526,7.172481455302142e-07,0.02063164290617661,K,9,2,H,36,656
25532,1.1402483458897862e-12,3.27992436695197e-08,K,9,8,H,21,671
25541,1.998199126889653e-17,5.747819788498087e-13,K,9,1,K,43,649
25591,5.171654275102851e-11,1.487626352233335e-06,K,9,1,R,21,671
25592,8.881800366350428e-07,0.025548498753807006,K,9,2,R,10,682
25598,3.387839546698433e-07,0.009745120456078043,K,9,8,R,23,669
25720,2.6415683661448563e-11,7.59847140521568e-07,L,9,10,K,109,186
25771,1.4827940474796718e-08,0.0004265257077575276,L,9,10,R,114,181
26326,8.692236199723993e-07,0.025003217428506065,Q,9,1,R,7,113
26371,2.2317644070040296e-07,0.006419670316747091,R,9,3,A,60,760
26413,7.050017186543983e-10,2.0279374437093765e-05,R,9,1,G,31,789
26422,5.547249724347546e-20,1.5956663832085714e-15,R,9,1,H,40,780
26423,1.056080387312989e-09,3.037815234105813e-05,R,9,2,H,25,795
26429,5.189532166457527e-11,1.4927689276815076e-06,R,9,8,H,31,789
26440,2.034586827815236e-19,5.8524890102105264e-15,R,9,1,K,52,768
26446,4.306698360038361e-10,1.2388217832650346e-05,R,9,10,K,22,798
26489,2.2847207368819883e-16,6.571999199641039e-12,R,9,1,R,27,793
26490,1.165359980117931e-08,0.00033521579828092285,R,9,2,R,8,812
26496,1.871570416226424e-08,0.0005383572302275309,R,9,10,R,5,815
27846,7.322272491463562e-08,0.0021062516821694936,K,10,8,E,93,755
27866,9.308888397306315e-15,2.6777017474851616e-10,K,10,1,H,41,807
27873,6.591905986610379e-08,0.0018961617570484755,K,10,8,H,23,825
27874,2.9868399316339984e-09,8.591645063345196e-05,K,10,9,H,22,826
27884,1.571544257460577e-11,4.5205470565853497e-07,K,10,1,K,42,806
27937,1.1533806597569627e-15,3.317699467790903e-11,K,10,1,R,30,818
27938,1.090198505734643e-10,3.1359560017457008e-06,K,10,2,R,19,829
27942,3.8298593012676766e-07,0.011016590280096472,K,10,6,R,7,841
27945,2.0684796633668134e-13,5.949981751674639e-09,K,10,9,R,22,826
28083,9.823896825505979e-08,0.002825843921856795,L,10,9,R,6,46
28287,9.242341918352468e-07,0.026585596528140874,R,10,1,A,55,792
28322,1.357467140265712e-06,0.039047542289743206,R,10,9,E,79,768
28332,1.6743774702323825e-07,0.004816346793123448,R,10,1,G,40,807
28341,8.235689781635633e-19,2.36899616568749e-14,R,10,1,H,34,813
28342,7.683843308104498e-16,2.210257527576259e-11,R,10,2,H,38,809
28343,9.404180027553429e-10,2.7051123849257438e-05,R,10,3,H,36,811
28350,2.8695969742207814e-07,0.008254395696346077,R,10,1,I,72,775
28365,5.736715174733907e-10,1.6501661200122083e-05,R,10,1,L,137,710
28410,1.2586409852043427e-14,3.620480793940292e-10,R,10,1,R,23,824
28417,2.591614756923479e-09,7.454779848290388e-05,R,10,9,R,5,842
